,Name,HSP.20,HSP.40,HSP.60,HSP.70,HSP.90,HSP.100,sum_HSP,total_number_protein
1,Absidia_glauca,1,45,22,22,3,15,108,14825
2,Absidia_repens,1,43,22,27,5,14,112,14740
3,Acanthamoeba_castellanii,11,36,6,10,4,9,76,14938
4,Acanthisitta_chloris,5,20,8,6,3,8,50,9650
5,Acidomyces_richmondensis,3,27,10,9,1,11,61,11098
6,Acremonium_chrysogenum,2,23,10,10,1,8,54,8899
7,Acromyrmex_echinatior,5,29,10,7,3,5,59,13962
8,Acyrthosiphon_pisum,2,52,18,20,4,10,106,35810
9,Aedes_aegypti,19,38,11,3,5,8,84,15586
10,Aedes_albopictus,14,34,9,16,5,8,86,17025
11,Agaricus_bisporus,4,29,10,7,2,8,60,11204
12,Agrilus_planipennis,17,29,11,9,5,6,77,11584
13,Ailuropoda_melanoleuca,9,40,18,15,7,10,99,19344
14,Ajellomyces_capsulatus,2,24,11,10,1,11,59,9252
15,Ajellomyces_dermatitidis,2,27,10,10,1,10,60,9745
16,Albugo_candida,0,52,19,14,5,17,107,13200
17,Alligator_mississippiensis,18,42,13,14,4,9,100,24656
18,Alligator_sinensis,13,38,14,14,5,10,94,18578
19,Allomyces_macrogynus,11,50,21,33,6,15,136,18611
20,Alternaria_alternata,3,30,10,11,1,10,65,13463
21,Amanita_muscaria,11,29,11,9,2,7,69,17947
22,Amazona_aestiva,10,38,10,13,4,10,85,16092
23,Amborella_trichopoda,26,74,30,17,7,21,175,27359
24,Amphiamblys_sp.,2,11,8,5,2,2,30,3608
25,Amphimedon_queenslandica,0,46,15,51,2,13,127,43435
26,Anaeromyces_robustus,51,35,12,15,3,14,130,12654
27,Ananas_comosus,33,87,28,31,5,28,212,23390
28,Anas_platyrhynchos,9,33,12,12,3,14,83,15659
29,Ancylostoma_ceylanicum,28,32,12,8,3,7,90,36519
30,Ancylostoma_duodenale,21,41,18,11,4,10,105,27403
31,Angiostrongylus_cantonensis,15,26,11,7,3,6,68,14486
32,Angiostrongylus_costaricensis,18,28,12,8,4,7,77,13378
33,Angomonas_deanei,1,87,31,32,15,18,184,14524
34,Anisakis_simplex,13,32,27,12,10,6,100,20761
35,Anncaliia_algerae,0,8,14,5,1,2,30,5143
36,Anolis_carolinensis,9,44,13,13,5,14,98,18528
37,Anopheles_albimanus,6,33,10,12,4,6,71,12274
38,Anopheles_arabiensis,6,33,9,7,4,7,66,13563
39,Anopheles_atroparvus,7,28,10,7,4,7,63,13752
40,Anopheles_christyi,4,29,10,7,2,8,60,10851
41,Anopheles_coluzzii,9,26,9,7,3,12,66,14552
42,Anopheles_culicifacies,6,32,10,7,4,5,64,14294
43,Anopheles_darlingi,6,30,11,11,4,7,69,10447
44,Anopheles_dirus,6,31,9,7,4,5,62,13027
45,Anopheles_epiroticus,6,34,10,7,4,6,67,11899
46,Anopheles_farauti,6,26,10,7,3,5,57,12974
47,Anopheles_funestus,6,34,10,7,4,6,67,13672
48,Anopheles_gambiae,7,35,11,11,5,5,74,12435
49,Anopheles_maculatus,2,25,11,9,5,7,59,14835
50,Anopheles_melas,5,34,10,7,4,6,66,15158
51,Anopheles_merus,6,33,10,7,5,6,67,13265
52,Anopheles_minimus,5,34,10,7,6,6,68,12852
53,Anopheles_quadriannulatus,8,33,10,7,3,6,67,13700
54,Anopheles_sinensis,7,30,10,8,4,4,63,19343
55,Anopheles_stephensi,10,51,16,17,8,8,110,23100
56,Anthracocystis_flocculosa,0,15,6,6,1,7,35,4425
57,Antrostomus_carolinensis,1,16,4,2,1,5,29,8957
58,Apaloderma_vittatum,6,14,6,6,3,4,39,7903
59,Aphanomyces_astaci,0,43,13,14,5,12,87,19020
60,Aphanomyces_invadans,0,42,15,15,3,13,88,15212
61,Apis_mellifera,10,28,10,6,4,9,67,15323
62,Aptenodytes_forsteri,7,33,9,10,4,11,74,13704
63,Arabidopsis_lyrata,26,100,35,27,17,32,237,32049
64,Arabidopsis_thaliana,26,102,24,19,8,27,206,27567
65,Arabis_alpina,29,68,21,16,11,24,169,21574
66,Arthrobotrys_oligospora,3,29,10,16,1,10,69,11478
67,Arthroderma_benhamiae,1,25,10,10,1,10,57,7976
68,Arthroderma_gypseum,1,24,10,10,1,10,56,8921
69,Arthroderma_otae,1,26,10,9,1,11,58,8764
70,Ascaris_lumbricoides,12,25,17,13,2,5,74,18553
71,Ascaris_suum,14,24,6,4,2,4,54,9213
72,Aschersonia_aleyrodis,3,22,10,12,1,9,57,8458
73,Ascoidea_rubescens,3,21,11,10,1,10,56,6731
74,Ashbya_gossypii,7,18,10,9,1,11,56,4758
75,Aspergillus_aculeatus,4,26,10,10,1,9,60,10839
76,Aspergillus_bombycis,4,26,10,9,1,9,59,12265
77,Aspergillus_brasiliensis,4,28,10,14,1,10,67,12975
78,Aspergillus_calidoustus,3,26,10,13,1,9,62,15115
79,Aspergillus_carbonarius,3,25,10,11,1,9,59,11031
80,Aspergillus_clavatus,2,26,10,9,1,9,57,9140
81,Aspergillus_cristatus,3,25,10,9,1,9,57,10113
82,Aspergillus_flavus,3,20,7,11,0,7,48,8431
83,Aspergillus_glaucus,2,23,10,8,1,9,53,11244
84,Aspergillus_kawachii,4,28,10,9,1,9,61,11488
85,Aspergillus_lentulus,4,24,10,9,1,10,58,9664
86,Aspergillus_luchuensis,4,26,10,10,1,11,62,12920
87,Aspergillus_niger,4,24,10,11,1,9,59,10373
88,Aspergillus_nomius,3,26,10,10,1,10,60,11914
89,Aspergillus_oryzae,3,28,10,11,1,9,62,11421
90,Aspergillus_parasiticus,2,18,8,8,0,7,43,8651
91,Aspergillus_rambellii,2,24,10,9,1,9,55,7761
92,Aspergillus_ruber,2,24,10,9,1,9,55,10053
93,Aspergillus_sydowii,3,26,10,13,1,9,62,13561
94,Aspergillus_terreus,4,25,10,10,1,8,58,10417
95,Aspergillus_tubingensis,4,27,10,10,1,10,62,12312
96,Aspergillus_udagawae,3,24,10,10,1,10,58,9999
97,Aspergillus_ustus,0,0,2,0,0,0,2,706
98,Aspergillus_versicolor,4,27,10,10,1,9,61,13221
99,Aspergillus_wentii,5,25,10,10,1,10,61,12385
100,Astyanax_mexicanus,16,53,13,20,5,11,118,23016
101,Atta_cephalotes,5,28,10,6,3,7,59,10483
102,Atta_colombica,5,29,10,8,3,5,60,14143
103,Aureobasidium_melanogenum,2,24,10,12,1,9,58,10583
104,Aureobasidium_namibiae,2,24,10,11,1,11,59,10258
105,Aureobasidium_pullulans,3,23,10,10,1,12,59,11844
106,Aureobasidium_subglaciale,3,25,10,11,1,10,60,10792
107,Aureococcus_anophagefferens,0,93,17,12,6,16,144,11501
108,Auricularia_subglabra,1,5,4,4,0,0,14,5290
109,Auxenochlorella_protothecoides,2,42,12,8,3,16,83,6999
110,Babesia_bigemina,2,22,10,6,4,8,52,4432
111,Babesia_bovis,2,21,10,6,4,11,54,3690
112,Babesia_microti,2,22,10,6,4,12,56,3595
113,Babesia_sp.,2,18,10,6,4,7,47,2830
114,Babjeviella_inositovora,0,20,11,9,1,8,49,6392
115,Balearica_regulorum,5,19,8,6,3,6,47,8821
116,Basidiobolus_meristosporus,7,40,15,23,1,19,105,15487
117,Batrachochytrium_dendrobatidis,3,29,11,6,2,11,62,8580
118,Batrachochytrium_salamandrivorans,5,24,12,6,2,9,58,10107
119,Baudoinia_compniacensis,3,27,10,9,1,9,59,10508
120,Beauveria_bassiana,5,23,10,16,3,15,72,11840
121,Beta_vulgaris,5,17,6,3,3,6,40,7154
122,Biomphalaria_glabrata,0,0,0,0,0,0,0,354
123,Bipolaris_zeicola,3,27,10,10,1,11,62,12851
124,Blastocystis_hominis,10,26,12,66,7,12,133,5820
125,Blastocystis_sp.,14,28,19,82,7,14,164,6377
126,Blastomyces_gilchristii,2,28,9,10,1,10,60,9690
127,Blumeria_graminis,5,12,7,6,1,6,37,4024
128,Bodo_saltans,1,63,13,17,4,10,108,18124
129,Bombyx_mori,13,27,10,11,3,6,70,14773
130,Bos_taurus,10,48,22,16,6,13,115,22011
131,Botryobasidium_botryosum,5,26,11,17,2,12,73,16483
132,Botryosphaeria_parva,3,22,10,10,1,12,58,10365
133,Botryotinia_fuckeliana,2,29,10,14,1,10,66,11022
134,Brachypodium_distachyon,25,87,27,30,8,39,216,26492
135,Branchiostoma_floridae,6,37,13,18,3,9,86,28542
136,Brassica_napus,38,166,67,52,25,45,393,60065
137,Brassica_oleracea,40,146,63,51,21,44,365,58535
138,Brassica_rapa,41,145,49,35,13,39,322,40801
139,Brettanomyces_bruxellensis,2,13,11,9,1,7,43,4857
140,Brugia_malayi,12,29,10,7,3,11,72,11318
141,Brugia_pahangi,14,33,10,9,4,6,76,14608
142,Brugia_timori,9,30,11,9,6,8,73,16185
143,Buceros_rhinoceros,4,23,11,8,2,7,55,10603
144,Bursaphelenchus_xylophilus,13,28,10,11,2,6,70,17486
145,Byssochlamys_spectabilis,4,26,10,10,1,10,61,8877
146,Caenorhabditis_brenneri,20,38,12,17,3,9,99,29979
147,Caenorhabditis_briggsae,19,28,10,19,3,6,85,21723
148,Caenorhabditis_elegans,16,29,10,11,3,7,76,19900
149,Caenorhabditis_japonica,16,31,19,18,6,10,100,28999
150,Caenorhabditis_remanei,26,31,12,24,5,10,108,31246
151,Caenorhabditis_tropicalis,20,29,12,14,4,9,88,27162
152,Cajanus_cajan,35,99,23,40,16,32,245,47180
153,Callithrix_jacchus,9,50,21,20,10,10,120,20990
154,Calocera_cornea,4,22,10,13,10,8,67,13076
155,Calocera_viscosa,3,28,11,9,2,8,61,12317
156,Calypte_anna,8,30,11,9,4,11,73,13267
157,Camelus_ferus,8,37,14,19,6,3,87,20003
158,Camponotus_floridanus,5,28,10,6,4,8,61,14787
159,Candida_albicans,1,20,10,9,1,8,49,6035
160,Candida_arabinofermentans,1,22,10,9,1,8,51,5823
161,Candida_auris,0,18,10,8,1,7,52,7458
162,Candida_glabrata,0,20,10,10,1,11,49,5200
163,Candida_intermedia,0,22,10,9,1,9,49,5919
164,Candida_maltosa,0,18,10,10,1,10,47,5976
165,Candida_parapsilosis,1,20,10,9,1,8,48,5777
166,Candida_tanzawaensis,0,20,10,9,1,7,47,5880
167,Candida_tenuis,1,18,10,9,1,9,114,5540
168,Candida_tropicalis,0,19,10,9,1,8,62,6226
169,Canis_lupus,10,50,21,17,5,11,60,20269
170,Capronia_coronata,6,25,11,10,1,9,55,9230
171,Capronia_epimyces,5,24,10,10,1,10,213,10469
172,Capsaspora_owczarzaki,1,27,9,8,3,7,242,8738
173,Capsella_rubella,27,103,25,19,10,29,42,26721
174,Capsicum_annuum,33,92,32,31,24,30,59,31180
175,Cariama_cristata,5,17,6,6,2,6,27,8694
176,Catenaria_anguillulae,2,29,10,7,2,9,101,12586
177,Cathartes_aura,1,11,5,3,0,7,175,7760
178,Cavia_porcellus,9,45,16,17,5,9,46,18242
179,Cephalotus_follicularis,35,77,23,13,6,21,50,36262
180,Ceraceosorus_bombacis,1,22,10,7,0,6,54,8017
181,Ceratocystis_fimbriata,2,21,10,8,1,8,54,5620
182,Ceriporiopsis_subvermispora,5,21,10,9,3,6,52,12077
183,Chaetomium_globosum,2,21,10,13,1,7,20,11042
184,Chaetomium_thermophilum,2,21,10,9,1,9,66,7183
185,Chaetura_pelagica,2,11,3,2,0,2,82,3162
186,Charadrius_vociferus,6,26,12,8,4,10,106,14257
187,Chelonia_mydas,8,37,14,12,3,8,40,18960
188,Chlamydomonas_reinhardtii,7,53,13,12,3,18,92,14243
189,Chlamydotis_macqueenii,4,21,5,4,2,4,95,8277
190,Chlorella_variabilis,3,41,11,14,5,18,86,9831
191,Chlorocebus_sabaeus,8,42,17,13,4,11,118,19141
192,Choanephora_cucurbitarum,5,33,12,19,4,13,201,11924
193,Chrysochromulina_sp.,1,75,11,16,5,10,57,16663
194,Cicer_arietinum,31,91,23,22,6,28,51,24569
195,Ciona_intestinalis,3,27,13,7,4,3,223,16678
196,Ciona_savignyi,3,23,10,8,3,4,223,11592
197,Citrus_clementina,53,88,20,30,6,26,65,24934
198,Citrus_sinensis,51,85,30,27,7,23,63,28132
199,Cladophialophora_carrionii,7,26,10,11,1,10,65,11181
200,Cladophialophora_immunda,8,24,10,8,1,12,63,12829
201,Cladophialophora_psammophila,8,24,10,11,1,11,60,13417
202,Cladophialophora_yegresii,6,25,10,11,1,10,50,10118
203,Claviceps_purpurea,4,22,10,15,1,8,75,8814
204,Clavispora_lusitaniae,0,20,10,9,1,10,67,5932
205,Clohesyomyces_aquaticus,4,31,9,20,1,10,66,15803
206,Clonorchis_sinensis,5,25,13,17,3,4,59,13606
207,Clunio_marinus,8,30,10,8,3,7,59,21611
208,Coccidioides_immitis,2,25,10,10,1,11,95,10401
209,Coccidioides_posadasii,2,26,10,9,1,11,60,10209
210,Coccomyxa_subellipsoidea,6,45,12,10,3,19,63,9763
211,Cochliobolus_heterostrophus,3,26,10,10,1,10,30,12852
212,Cochliobolus_sativus,4,27,10,10,1,11,58,12174
213,Colius_striatus,2,15,2,3,3,5,58,7080
214,Colletotrichum_chlorophyti,2,22,10,13,1,10,56,10302
215,Colletotrichum_fioriniae,2,25,10,13,1,7,58,13759
216,Colletotrichum_gloeosporioides,1,22,10,14,1,8,62,16388
217,Colletotrichum_graminicola,2,26,10,11,1,8,56,12019
218,Colletotrichum_higginsianum,3,22,11,16,1,9,54,16110
219,Colletotrichum_incanum,1,24,9,13,1,8,58,12795
220,Colletotrichum_orbiculare,2,23,10,11,1,7,57,13346
221,Colletotrichum_orchidophilum,2,25,10,14,1,6,62,14493
222,Colletotrichum_salicis,2,25,10,12,1,7,56,13783
223,Colletotrichum_sublineola,2,27,10,14,1,8,20,12697
224,Colletotrichum_tofieldiae,2,25,8,12,1,8,67,12499
225,Columba_livia,1,12,2,1,0,4,56,3814
226,Conidiobolus_coronatus,13,23,9,10,2,10,4,10563
227,Coniochaeta_ligniaria,2,25,10,11,1,7,64,13654
228,Coniophora_puteana,1,0,0,2,1,0,66,1010
229,Coniosporium_apollinis,2,30,10,10,1,11,182,9306
230,Coprinopsis_cinerea,7,31,10,8,2,8,205,13334
231,Corchorus_capsularis,29,80,22,21,9,21,62,29063
232,Corchorus_olitorius,40,80,21,16,10,38,57,35465
233,Cordyceps_confragosa,6,24,10,13,1,8,72,11019
234,Cordyceps_militaris,2,23,10,12,1,9,160,9651
235,Corvus_brachyrhynchos,6,30,10,10,4,12,109,13621
236,Crassostrea_gigas,13,40,14,84,3,6,50,25946
237,Cricetulus_griseus,7,39,23,20,14,6,49,23881
238,Cryptococcus_amylolentus,0,21,10,8,2,9,48,8246
239,Cryptococcus_depauperatus,0,21,10,9,2,7,49,6530
240,Cryptococcus_gattii,0,20,11,9,2,6,47,6471
241,Cryptococcus_neoformans,0,22,10,8,2,7,42,6603
242,Cryptosporidium_muris,0,25,9,5,2,6,41,3930
243,Cryptosporidium_parvum,0,22,9,5,2,4,77,3805
244,Cryptosporidium_ubiquitum,0,22,9,5,2,3,176,3765
245,Cuculus_canorus,6,34,12,11,3,11,178,13582
246,Cucumis_melo,32,80,18,14,7,25,123,19473
247,Cucumis_sativus,34,79,18,14,6,27,48,23744
248,Culex_quinquefasciatus,10,30,58,11,6,8,60,18662
249,Cutaneotrichosporon_oleaginosum,0,21,10,7,2,8,52,8317
250,Cyanidioschyzon_merolae,2,23,13,7,2,13,51,4991
251,Cyberlindnera_fabianii,2,21,11,8,0,10,61,5507
252,Cyberlindnera_jadinii,0,21,11,9,1,9,65,5992
253,Cyclospora_cayetanensis,2,24,11,5,5,14,62,7151
254,Cylindrobasidium_torrendii,5,30,10,9,3,8,63,13892
255,Cyphellophora_europaea,5,27,10,10,1,9,62,11090
256,Cyphomyrmex_costatus,5,29,12,7,3,7,65,15716
257,Dacryopinax_primogenitus,4,27,10,9,2,10,69,10233
258,Dactylellina_haptotyla,3,29,10,12,1,10,84,10959
259,Daedalea_quercina,7,34,10,9,2,7,115,12169
260,Danaus_plexippus,18,30,13,13,3,7,73,15140
261,Danio_rerio,13,53,14,19,5,11,145,25231
262,Daphnia_magna,6,33,13,10,4,7,277,26600
263,Daphnia_pulex,10,33,14,14,66,8,47,30021
264,Daucus_carota,25,111,29,65,18,29,79,31771
265,Debaryomyces_hansenii,0,19,10,9,1,8,120,6284
266,Dendroctonus_ponderosae,11,31,11,15,3,8,62,12069
267,Diaphorina_citri,8,38,19,29,14,12,73,18136
268,Diaporthe_ampelina,2,26,10,13,1,10,192,10703
269,Diaporthe_helianthi,2,32,11,17,1,10,39,14219
270,Dichanthelium_oligosanthes,25,76,25,30,10,26,80,26441
271,Dichomitus_squalens,10,12,2,9,1,5,79,7183
272,Dictyocaulus_viviparus,21,24,14,7,5,9,81,14161
273,Dictyostelium_discoideum,11,27,18,11,3,9,73,12737
274,Dictyostelium_fasciculatum,12,25,18,12,3,11,82,12152
275,Dictyostelium_lacteum,9,26,18,10,4,6,60,10208
276,Dictyostelium_purpureum,14,29,19,7,3,10,59,12347
277,Didymella_rabiei,3,25,9,10,2,11,56,10558
278,Diplodia_corticola,3,24,10,12,1,9,97,10833
279,Diplodia_seriata,3,21,10,11,1,10,58,9342
280,Dipodomys_ordii,9,43,16,14,5,10,70,19728
281,Dothistroma_septosporum,2,25,10,11,1,9,58,12399
282,Dracunculus_medinensis,13,28,10,6,4,9,44,10898
283,Drechmeria_coniospora,3,23,11,11,1,9,79,8231
284,Drechslerella_stenobrocha,3,20,5,9,0,7,71,5595
285,Drosophila_ananassae,10,35,14,13,3,4,91,14148
286,Drosophila_busckii,9,31,13,11,3,4,82,11914
287,Drosophila_ficusphila,12,39,14,13,4,9,83,15031
288,Drosophila_grimshawi,12,36,13,14,3,4,80,14689
289,Drosophila_melanogaster,11,37,13,15,3,4,94,13761
290,Drosophila_mojavensis,11,37,14,11,3,4,87,13297
291,Drosophila_persimilis,10,45,15,14,5,5,79,16737
292,Drosophila_pseudoobscura,11,41,15,11,3,6,78,14389
293,Drosophila_sechellia,9,36,14,12,3,5,85,16097
294,Drosophila_simulans,9,34,13,13,3,6,82,15344
295,Drosophila_virilis,11,35,13,17,3,6,64,13486
296,Drosophila_willistoni,10,38,13,12,4,5,94,13594
297,Dufourea_novaeangliae,9,27,11,7,4,6,98,11355
298,Echinococcus_granulosus,4,27,10,44,5,4,86,11279
299,Echinococcus_multilocularis,4,26,10,48,5,5,103,10472
300,Echinostoma_caproni,8,24,14,30,5,5,34,18521
301,Ectocarpus_siliculosus,2,49,12,22,4,14,65,16334
302,Edhazardia_aedis,0,14,8,6,1,5,60,4189
303,Egretta_garzetta,8,24,12,7,4,10,45,13489
304,Eimeria_acervulina,2,25,11,8,6,8,57,6867
305,Eimeria_brunetti,2,17,8,6,4,8,33,8711
306,Eimeria_maxima,2,22,11,6,5,11,61,6057
307,Eimeria_mitis,0,14,9,2,3,5,30,10057
308,Eimeria_necatrix,3,25,13,7,4,9,67,8608
309,Eimeria_praecox,1,11,7,3,3,5,68,7635
310,Eimeria_tenella,3,27,15,6,5,11,62,8595
311,Elaeophora_elaphi,11,29,10,7,2,9,63,10392
312,Emergomyces_pasteuriana,2,28,10,10,1,11,244,8944
313,Emericella_nidulans,5,25,9,14,1,9,59,10556
314,Emiliania_huxleyi,5,160,20,30,6,23,55,35676
315,Emmonsia_crescens,1,27,10,10,1,10,67,9444
316,Emmonsia_parva,1,26,9,9,1,9,24,8561
317,Emmonsia_sp.,2,30,11,12,1,11,58,8745
318,Encephalitozoon_cuniculi,0,8,8,4,1,3,122,2041
319,Endocarpon_pusillum,2,24,9,11,1,11,91,9228
320,Entamoeba_histolytica,4,22,14,59,3,20,78,7959
321,Entamoeba_invadens,3,15,6,49,1,17,30,9857
322,Enterobius_vermicularis,16,31,12,8,4,7,19,12869
323,Enterocytozoon_bieneusi,0,7,14,4,1,4,17,3311
324,Enterocytozoon_hepatopenaei,0,3,8,4,1,3,89,2402
325,Enterospora_canceri,0,4,7,3,1,2,44,2147
326,Equus_caballus,8,38,14,14,4,11,93,20497
327,Eremothecium_cymbalariae,2,16,9,8,1,8,255,4429
328,Erinaceus_europaeus,8,39,18,14,4,10,56,19242
329,Erythranthe_guttata,43,115,26,31,9,31,204,27703
330,Escovopsis_weberi,2,23,10,10,1,10,70,6869
331,Eucalyptus_grandis,45,85,18,18,16,22,34,36664
332,Euroglyphus_maynei,6,25,17,11,4,7,208,15238
333,Eurypyga_helias,2,16,5,5,1,5,61,7979
334,Eutrema_salsugineum,21,106,24,21,9,27,94,26426
335,Eutypa_lata,3,23,9,15,1,10,68,11684
336,Exidia_glandulosa,12,36,16,18,2,10,60,26305
337,Exophiala_aquamarina,9,26,10,10,1,12,56,13118
338,Exophiala_dermatitidis,6,24,10,10,1,9,63,9285
339,Exophiala_mesophila,4,23,10,8,1,10,64,9181
340,Exophiala_oligosperma,7,25,10,11,1,9,67,11880
341,Exophiala_sideris,7,25,10,11,1,10,67,10191
342,Exophiala_spinifera,6,29,10,12,1,9,98,12047
343,Exophiala_xenobiotica,10,26,10,10,1,10,59,12019
344,Felis_catus,8,44,19,14,4,9,81,19609
345,Fibroporia_radiculosa,6,26,10,7,2,8,87,9251
346,Fibularhizoctonia_sp.,3,32,10,26,2,8,48,31934
347,Ficedula_albicollis,10,37,12,11,4,13,1,15290
348,Fistulina_hepatica,5,18,9,8,0,8,73,9322
349,Fomitiporia_mediterranea,0,0,1,0,0,0,68,531
350,Fomitopsis_pinicola,6,31,10,16,3,7,65,13805
351,Fonsecaea_erecta,8,24,10,14,1,11,67,12089
352,Fonsecaea_multimorphosa,7,25,10,12,1,10,50,12368
353,Fonsecaea_pedrosoi,8,25,10,11,2,11,104,12525
354,Fonticula_alba,0,23,9,6,3,9,112,5901
355,Fragilariopsis_cylindrus,1,64,10,11,4,14,39,18033
356,Fukomys_damarensis,9,43,22,21,9,8,60,20405
357,Fulmarus_glacialis,4,15,5,6,3,6,66,8115
358,Fungal_sp,1,30,10,15,1,8,63,14332
359,Fusarium_langsethiae,3,25,10,12,1,9,64,11939
360,Fusarium_oxysporum,4,27,10,17,1,7,64,16631
361,Fusarium_poae,3,25,10,16,1,8,77,14048
362,Gaeumannomyces_graminis,3,25,10,16,1,9,104,14188
363,Galdieria_sulphuraria,3,26,11,7,3,14,107,6595
364,Galerina_marginata,8,35,10,14,2,8,35,21354
365,Gallus_gallus,12,41,15,17,7,12,143,19121
366,Gasterosteus_aculeatus,10,51,13,16,5,12,32,20666
367,Gavia_stellata,4,14,6,3,3,5,61,7730
368,Genlisea_aurea,13,66,19,19,7,19,65,17675
369,Giardia_intestinalis,0,7,12,7,3,3,58,6085
370,Gibberella_fujikuroi,3,25,10,13,1,9,69,14792
371,Gibberella_moniliformis,3,26,10,17,1,8,91,15889
372,Gibberella_zeae,3,24,10,13,1,7,73,14160
373,Glarea_lozoyensis,6,29,10,13,1,10,100,13082
374,Globodera_pallida,16,37,11,18,5,4,64,16266
375,Gloeophyllum_trabeum,14,29,11,9,2,8,95,11735
376,Glossina_austeni,10,40,13,21,4,12,89,19639
377,Glossina_brevipalpis,9,27,12,8,2,6,85,14619
378,Glossina_fuscipes,10,36,14,19,4,12,78,20021
379,Glossina_morsitans,10,41,13,13,3,9,467,12514
380,Glossina_pallidipes,9,35,14,17,4,6,206,19250
381,Glossina_palpalis,9,30,11,16,4,8,70,19953
382,Glycine_max,83,199,51,51,24,59,101,54150
383,Glycine_soja,33,88,20,30,15,20,99,26096
384,Gonapodya_prolifera,4,32,9,12,3,10,104,13797
385,Gongylonema_pulchrum,15,33,27,13,8,5,173,26907
386,Gonium_pectorale,7,42,15,16,3,16,486,16224
387,Gorilla_gorilla,8,44,18,13,11,10,298,20979
388,Gossypium_arboreum,10,78,28,21,9,27,40,30420
389,Gossypium_hirsutum,82,214,69,50,22,49,66,60811
390,Gossypium_raimondii,52,127,39,32,16,32,62,38037
391,Gregarina_niphandrodes,0,17,10,8,2,3,143,6341
392,Grifola_frondosa,8,27,11,8,2,10,36,14985
393,Grosmannia_clavigera,1,28,10,11,2,10,69,8311
394,Guillardia_theta,11,82,11,23,6,10,125,24567
395,Gymnopus_luxurians,2,17,8,5,1,3,86,14578
396,Habropoda_laboriosa,9,27,11,8,4,10,41,12781
397,Haemonchus_contortus,42,43,17,9,5,9,69,21201
398,Haemonchus_placei,31,28,11,7,3,6,43,21889
399,Haliaeetus_albicilla,4,19,6,3,3,6,45,8357
400,Hammondia_hammondi,5,31,11,7,4,11,37,8002
401,Hanseniaspora_opuntiae,0,15,10,8,1,9,45,4166
402,Hanseniaspora_osmophila,0,17,10,8,1,9,61,4652
403,Hanseniaspora_uvarum,0,13,9,6,1,8,72,3010
404,Hanseniaspora_valbyensis,0,13,12,7,1,12,72,4754
405,Harpegnathos_saltator,5,27,11,6,3,9,72,15029
406,Hebeloma_cylindrosporum,8,29,11,15,2,7,74,15324
407,Helicosporidium_sp.,3,29,18,6,3,13,19,6029
408,Heligmosomoides_polygyrus,16,23,17,8,3,5,63,23052
409,Helobdella_robusta,6,37,11,9,3,8,153,23328
410,Hepatospora_eriocheir,0,3,8,4,0,4,49,2569
411,Heterobasidion_irregulare,4,32,10,9,2,6,34,13148
412,Heterocephalus_glaber,7,56,28,40,15,7,109,21445
413,Heterorhabditis_bacteriophora,6,19,9,9,2,4,261,20833
414,Hirsutella_minnesotensis,3,14,4,8,0,5,106,9072
415,Homo_sapiens,9,45,16,16,11,12,81,21009
416,Hordeum_vulgare,39,98,35,41,6,42,61,35917
417,Hortaea_werneckii,4,43,20,22,2,15,22,15400
418,Hyaloperonospora_arabidopsidis,0,33,15,16,3,14,62,13836
419,Hydatigena_taeniaeformis,3,25,10,14,4,5,65,11628
420,Hydnomerulius_pinastri,4,8,3,5,0,2,66,7781
421,Hymenolepis_diminuta,6,25,10,9,5,7,76,11247
422,Hymenolepis_microstoma,4,30,10,9,5,7,49,12000
423,Hymenolepis_nana,8,27,10,11,4,6,65,13722
424,Hypholoma_sublateritium,7,32,13,11,3,10,59,17633
425,Hyphopichia_burtonii,0,19,11,9,1,9,68,5992
426,Hypocrea_atroviridis,4,25,10,15,1,10,90,11770
427,Hypocrea_jecorina,3,23,10,12,1,10,65,9112
428,Hypocrea_virens,6,24,10,16,1,11,66,12383
429,Hypsibius_dujardini,4,33,10,34,2,7,103,14162
430,Hypsizygus_marmoreus,4,30,12,9,3,7,53,15519
431,Ichthyophthirius_multifiliis,0,28,10,11,7,10,0,8049
432,Ictidomys_tridecemlineatus,9,46,16,14,6,12,56,18446
433,Intoshia_linei,0,22,12,8,2,9,83,8720
434,Ipomoea_nil,0,0,0,0,0,0,74,103
435,Isaria_fumosorosea,2,25,10,9,1,9,212,10050
436,Ixodes_scapularis,15,27,9,21,4,7,51,20468
437,Jaapia_argillacea,7,34,10,11,2,10,52,16339
438,Jatropha_curcas,45,91,21,21,6,28,53,27058
439,Kalmanozyma_brasiliensis,1,24,10,7,1,8,52,5765
440,Kazachstania_africana,1,18,11,11,1,10,103,5354
441,Kazachstania_naganishii,1,20,11,9,1,11,51,5301
442,Kazachstania_saulgeensis,2,18,10,11,1,10,49,5286
443,Klebsormidium_flaccidum,10,49,12,14,4,14,47,16171
444,Kluyveromyces_lactis,2,19,10,9,1,10,51,5071
445,Kluyveromyces_marxianus,1,18,10,9,1,10,51,4925
446,Kockovaella_imperatae,0,20,10,7,3,7,50,7388
447,Komagataella_phaffii,1,21,9,9,1,10,50,5073
448,Kuraishia_capsulata,2,20,10,8,1,10,48,6027
449,Kwoniella_bestiolae,0,23,10,7,2,8,49,9131
450,Kwoniella_dejecticola,1,20,10,7,2,10,49,8600
451,Kwoniella_heveanensis,0,21,10,7,2,8,76,7924
452,Kwoniella_mangroviensis,0,21,10,7,2,9,75,8428
453,Kwoniella_pini,0,21,10,7,2,9,50,7827
454,Laccaria_amethystina,8,29,13,13,2,11,49,20880
455,Laccaria_bicolor,7,30,12,16,2,8,51,17895
456,Lachancea_dasiensis,1,19,10,9,1,10,53,5089
457,Lachancea_fermentati,1,19,10,9,1,9,48,5229
458,Lachancea_lanzarotensis,0,20,10,9,1,11,50,5055
459,Lachancea_mirantina,2,20,11,9,1,10,75,5053
460,Lachancea_nothofagi,0,20,10,9,1,8,63,5149
461,Lachancea_thermotolerans,0,20,10,9,1,10,65,5093
462,Laetiporus_sulphureus,7,33,17,8,2,8,97,13707
463,Larimichthys_crocea,7,28,6,12,2,8,213,12677
464,Lasius_niger,5,25,9,8,5,13,100,18044
465,Latimeria_chalumnae,11,40,15,15,5,11,99,19568
466,Leersia_perrieri,26,88,28,37,9,25,97,29035
467,Leishmania_braziliensis,1,57,12,17,5,8,65,8084
468,Leishmania_infantum,1,60,12,16,4,6,94,8045
469,Leishmania_major,1,59,12,14,4,7,97,8038
470,Lentinula_edodes,6,28,12,8,2,9,90,12041
471,Lepisosteus_oculatus,10,39,14,14,6,11,40,18320
472,Leptomonas_pyrrhocoris,1,60,12,12,3,9,61,9272
473,Leptomonas_seymouri,1,57,10,12,3,7,73,8480
474,Leptosomus_discolor,5,15,7,5,3,5,57,9574
475,Leptosphaeria_maculans,3,24,10,10,2,12,82,12608
476,Leucoagaricus_sp.,13,30,15,8,2,5,56,12747
477,Leucosporidium_creatinivorum,6,21,10,10,2,8,124,9828
478,Lichtheimia_corymbifera,2,32,12,18,4,14,55,12138
479,Linderina_pennispora,0,25,10,7,2,12,75,9272
480,Lingula_unguis,6,53,21,23,7,14,71,30540
481,Lipomyces_starkeyi,4,22,10,8,1,10,49,8134
482,Loa_loa,18,30,9,6,3,9,88,12159
483,Lobosporangium_transversale,0,28,11,16,3,13,80,11588
484,Lodderomyces_elongisporus,0,19,12,9,1,8,95,5779
485,Lonchura_striata,9,38,12,12,6,11,77,15010
486,Lottia_gigantea,10,33,13,16,3,5,135,23573
487,Loxodonta_africana,8,43,17,13,5,9,55,20020
488,Lucilia_cuprina,15,34,11,8,3,6,83,14336
489,Lupinus_angustifolius,14,64,24,13,5,15,124,13922
490,Lutzomyia_longipalpis,7,20,7,11,4,6,210,10278
491,Macaca_fascicularis,6,37,14,13,4,9,57,17396
492,Macaca_mulatta,8,50,26,21,8,11,214,21211
493,Macleaya_cordata,41,86,24,18,11,30,53,21672
494,Macrophomina_phaseolina,4,21,10,10,1,11,58,13801
495,Macrostomum_lignano,2,99,33,48,16,16,54,52324
496,Madurella_mycetomatis,3,21,9,11,1,8,46,9733
497,Magnaporthe_oryzae,2,24,10,12,1,9,51,12675
498,Magnaporthiopsis_poae,3,19,10,13,1,8,47,11206
499,Malassezia_globosa,0,20,10,8,1,7,69,4273
500,Malassezia_pachydermatis,0,25,10,7,1,8,118,4201
501,Malassezia_sympodialis,0,21,10,7,1,8,64,3318
502,Manacus_vitellinus,5,29,11,10,3,11,349,12707
503,Marchantia_polymorpha,22,44,12,12,6,22,47,17951
504,Marssonina_brunnea,3,28,10,11,1,11,70,10037
505,Medicago_truncatula,51,108,30,108,6,46,78,49964
506,Megaselia_scalaris,2,15,15,9,2,4,64,11461
507,Melampsora_larici,3,41,11,7,3,5,86,16237
508,Meleagris_gallopavo,7,30,13,12,4,12,43,14166
509,Melipona_quadrifasciata,10,25,9,8,4,8,46,14253
510,Meloidogyne_hapla,8,38,9,22,4,5,65,14362
511,Merops_nubicus,5,17,4,6,2,9,111,7657
512,Mesitornis_unicolor,7,18,6,6,1,8,58,9395
513,Mesocestoides_corti,3,27,9,15,4,7,59,10595
514,Mesocricetus_auratus,11,43,21,19,6,11,61,20184
515,Metarhizium_acridum,5,25,10,9,1,8,60,9830
516,Metarhizium_album,2,24,10,12,1,10,60,8389
517,Metarhizium_anisopliae,5,23,10,13,1,9,47,11404
518,Metarhizium_majus,4,24,10,13,1,8,52,11394
519,Metarhizium_robertsii,4,24,9,13,1,9,51,11684
520,Metschnikowia_bicuspidata,0,20,9,9,1,8,56,5826
521,Meyerozyma_guilliermondii,0,20,10,12,1,9,111,5919
522,Microbotryum_lychnidis,2,22,10,7,2,8,105,7354
523,Microdochium_bolleyi,4,22,10,10,1,9,45,13164
524,Micromonas_commoda,4,62,12,10,4,19,52,10089
525,Micromonas_pusilla,4,56,12,10,4,19,51,10246
526,Mitosporidium_daphniae,3,14,9,8,4,7,71,3256
527,Mixia_osmundae,2,25,10,7,2,6,103,6725
528,Moniliophthora_perniciosa,4,16,10,10,3,8,107,13649
529,Moniliophthora_roreri,11,26,10,11,3,10,73,19789
530,Monodelphis_domestica,6,43,16,23,6,9,90,21272
531,Monoraphidium_neglectum,4,42,21,11,5,24,194,16738
532,Monosiga_brevicollis,3,35,10,11,3,11,90,9188
533,Mortierella_elongata,5,30,12,24,3,16,97,14847
534,Morus_notabilis,41,83,25,17,6,22,96,26760
535,Mucor_ambiguus,5,36,12,21,4,12,286,11311
536,Mucor_circinelloides,7,38,11,21,5,15,84,11584
537,Mus_musculus,9,44,15,14,4,10,111,36474
538,Musa_acuminata,27,128,39,44,12,36,56,14228
539,Musca_domestica,16,35,10,13,3,7,62,22276
540,Mustela_putorius,8,48,24,16,5,10,98,19909
541,Myceliophthora_thermophila,3,21,10,12,1,9,89,9079
542,Mycosphaerella_eumusae,2,28,10,11,1,10,101,10939
543,Myotis_brandtii,6,38,22,15,9,8,60,19243
544,Myotis_davidii,5,35,18,15,6,10,99,15446
545,Myotis_lucifugus,5,45,17,16,5,13,46,19662
546,Nadsonia_fulvescens,4,22,10,10,2,12,90,5632
547,Naegleria_gruberi,7,25,18,34,6,9,66,15634
548,Naematelia_encephala,1,21,8,7,2,7,55,7963
549,Nannochloropsis_gaditana,4,35,12,13,4,22,57,10493
550,Nasonia_vitripennis,8,28,11,9,4,6,75,17019
551,Naumovozyma_castellii,2,19,10,12,1,11,65,5565
552,Naumovozyma_dairenensis,2,19,11,12,1,12,231,5523
553,Necator_americanus,21,26,13,9,3,3,26,19125
554,Nectria_haematococca,4,25,10,16,1,9,26,15709
555,Nelumbo_nucifera,42,94,31,27,10,27,25,23993
556,Nematocida_displodere,0,10,8,4,1,3,99,2241
557,Nematocida_parisii,0,9,8,4,1,4,315,2724
558,Nematocida_sp.,0,11,8,4,1,1,53,2769
559,Nematostella_vectensis,13,41,20,12,3,10,63,24321
560,Neocallimastix_californiae,146,53,21,70,5,20,62,19927
561,Neolecta_irregularis,2,22,10,10,1,8,61,5529
562,Neolentinus_lepideus,7,30,10,7,2,7,61,13106
563,Neonectria_ditissima,2,26,11,15,1,7,65,12683
564,Neosartorya_fischeri,4,26,10,10,1,10,113,10414
565,Neosartorya_fumigata,3,27,10,10,1,10,47,9648
566,Neospora_caninum,5,30,11,6,4,9,56,7108
567,Neotoma_lepida,7,37,24,22,18,5,55,24274
568,Nestor_notabilis,6,20,6,4,3,8,181,9137
569,Neurospora_crassa,3,24,10,10,1,8,239,9759
570,Neurospora_tetrasperma,3,23,10,11,1,7,474,11177
571,Nicotiana_attenuata,30,71,20,21,15,24,81,20698
572,Nicotiana_sylvestris,44,100,28,26,11,30,88,33640
573,Nicotiana_tabacum,82,193,59,60,21,59,92,61676
574,Nipponia_nippon,6,36,13,10,4,12,26,14132
575,Nippostrongylus_brasiliensis,15,29,17,13,5,9,49,22658
576,Nomascus_leucogenys,7,41,15,14,4,11,23,18564
577,Nosema_apis,0,5,11,4,1,5,102,2727
578,Nosema_bombycis,0,14,18,6,5,6,71,4398
579,Nosema_ceranae,0,6,8,4,1,4,113,3200
580,Nothobranchius_furzeri,14,46,17,13,2,10,52,25161
581,Octopus_bimaculoides,7,32,13,11,3,5,67,32665
582,Oesophagostomum_dentatum,27,36,19,18,7,6,100,25133
583,Ogataea_parapolymorpha,2,21,10,9,1,9,74,5338
584,Oidiodendron_maius,5,26,10,14,1,11,86,16696
585,Oikopleura_dioica,1,66,10,9,5,9,79,17050
586,Onchocerca_flexuosa,10,29,14,8,7,6,62,16108
587,Onchocerca_ochengi,9,30,12,11,13,11,71,13342
588,Onchocerca_volvulus,18,30,10,9,4,8,48,12118
589,Ooceraea_biroi,9,28,10,6,3,6,53,16497
590,Operophtera_brumata,11,25,10,16,3,6,72,16814
591,Ophiocordyceps_sinensis,1,19,9,9,1,9,56,6968
592,Ophiocordyceps_unilateralis,2,22,9,10,1,9,68,7815
593,Ophiophagus_hannah,9,30,13,7,4,9,74,18387
594,Ophiostoma_piceae,1,24,10,9,1,11,142,8878
595,Opisthocomus_hoazin,4,30,12,10,3,9,26,12773
596,Opisthorchis_viverrini,6,31,14,14,4,5,112,16307
597,Orchesella_cincta,10,38,11,75,3,5,82,20192
598,Ordospora_colligata,0,9,8,4,1,4,49,1810
599,Oreochromis_niloticus,10,50,13,23,5,11,106,21436
600,Ornithorhynchus_anatinus,3,35,13,14,7,10,223,21677
601,Oryctes_borbonicus,2,22,11,5,2,7,201,8820
602,Oryctolagus_cuniculus,12,44,15,15,10,10,199,19905
603,Oryza_barthii,31,94,31,33,8,26,225,34345
604,Oryza_brachyantha,27,79,28,37,9,21,191,31989
605,Oryza_glaberrima,23,85,29,30,8,24,224,31807
606,Oryza_glumipatula,31,94,32,34,8,26,218,35649
607,Oryza_meridionalis,28,80,31,26,7,19,228,29137
608,Oryza_nivara,31,95,30,34,8,26,216,36306
609,Oryza_punctata,31,92,32,28,9,26,102,31311
610,Oryza_rufipogon,32,94,30,36,10,26,90,37110
611,Oryza_sativa,32,87,28,35,9,25,97,43600
612,Oryzias_latipes,9,49,11,17,5,11,114,19698
613,Ostreococcus_lucimarinus,4,48,11,7,4,16,104,7390
614,Ostreococcus_tauri,4,51,11,10,4,17,85,7743
615,Otolemur_garnettii,9,51,23,15,8,8,52,19451
616,Ovis_aries,10,45,19,16,4,10,88,21221
617,Oxytricha_trifallax,0,56,11,8,5,5,83,23559
618,Pachysolen_tannophilus,2,20,10,9,1,10,84,5642
619,Pan_troglodytes,8,39,13,13,5,10,96,19017
620,Papilio_machaon,18,30,11,12,4,8,58,15461
621,Papilio_xuthus,16,32,11,12,3,10,59,15265
622,Papio_anubis,7,44,18,13,4,10,197,19199
623,Paracoccidioides_brasiliensis,2,25,10,9,1,11,63,8399
624,Paracoccidioides_lutzii,2,25,11,9,1,11,86,8811
625,Paramecium_tetraurelia,5,84,39,34,18,17,89,39461
626,Paraphaeosphaeria_sporulosa,3,30,10,11,1,8,87,14732
627,Parasitella_parasitica,4,36,12,17,4,13,42,13357
628,Parastrongyloides_trichosuri,19,38,11,8,4,9,63,14867
629,Patagioenas_fasciata,10,39,11,11,4,12,68,19433
630,Paxillus_involutus,3,21,6,5,0,7,43,11649
631,Paxillus_rubicundulus,6,28,10,7,2,10,87,21895
632,Pediculus_humanus,6,29,10,9,3,11,63,10754
633,Pelecanus_crispus,4,18,7,6,1,7,62,8686
634,Pelodiscus_sinensis,9,39,14,13,4,8,61,18116
635,Penicilliopsis_zonata,3,26,10,11,1,12,62,9869
636,Penicillium_antarcticum,4,28,9,11,1,9,62,11368
637,Penicillium_arizonense,5,27,9,10,1,9,46,12121
638,Penicillium_brasilianum,5,26,11,9,1,10,50,11426
639,Penicillium_camemberti,4,26,10,12,1,9,57,14390
640,Penicillium_coprophilum,2,19,9,8,1,7,59,8990
641,Penicillium_decumbens,2,20,9,8,1,10,52,7141
642,Penicillium_digitatum,3,26,10,8,1,9,63,9101
643,Penicillium_expansum,4,26,10,9,1,9,60,11060
644,Penicillium_flavigenum,3,21,10,9,1,8,59,10871
645,Penicillium_freii,5,26,11,13,0,8,62,11722
646,Penicillium_italicum,4,26,10,9,1,10,60,9993
647,Penicillium_nalgiovense,4,26,10,9,1,9,56,11725
648,Penicillium_nordicum,3,27,10,13,0,9,59,12938
649,Penicillium_oxalicum,4,26,10,8,1,11,58,9977
650,Penicillium_patulum,2,25,10,9,1,9,60,9628
651,Penicillium_polonicum,4,23,10,13,1,8,59,10626
652,Penicillium_roqueforti,3,25,10,11,1,8,57,12315
653,Penicillium_rubens,5,25,11,9,1,9,61,12788
654,Penicillium_solitum,3,25,9,12,1,9,52,11864
655,Penicillium_steckii,2,23,9,12,1,10,71,10350
656,Penicillium_subrubescens,4,27,10,8,1,11,64,14038
657,Penicillium_vulpinum,3,23,10,6,1,9,173,10244
658,Peniophora_sp.,14,29,10,7,2,9,57,18907
659,Perkinsela_sp.,1,31,10,9,5,8,96,4883
660,Perkinsus_marinus,0,80,32,44,7,10,54,22958
661,Pestalotiopsis_fici,2,27,10,10,1,7,69,15412
662,Phaeodactylum_tricornutum,6,47,11,14,5,13,48,10451
663,Phaeomoniella_chlamydospora,2,24,10,9,1,8,50,6907
664,Phaeosphaeria_nodorum,3,34,10,11,1,10,59,15998
665,Phaethon_lepturus,4,18,8,7,4,7,232,9152
666,Phalacrocorax_carbo,4,22,8,4,3,9,239,8990
667,Phanerochaete_carnosa,3,26,10,7,2,11,78,13867
668,Phaseolus_angularis,38,94,24,31,9,36,93,33730
669,Phaseolus_vulgaris,41,103,21,24,15,35,61,28020
670,Phialocephala_scopiformis,5,35,10,17,1,10,69,18561
671,Phialocephala_subalpina,8,38,10,25,1,11,62,20170
672,Phialophora_americana,6,24,10,10,1,10,57,10919
673,Phialophora_attae,4,33,11,11,1,9,57,11848
674,Phlebia_centrifuga,6,20,13,14,2,7,41,13515
675,Phlebiopsis_gigantea,4,26,10,7,3,7,98,11848
676,Phlebotomus_papatasi,4,25,11,9,3,5,204,11188
677,Phoenicopterus_ruber,5,20,6,4,2,4,79,8220
678,Phycomyces_blakesleeanus,0,31,15,32,4,16,88,16154
679,Physcomitrella_patens,23,83,27,27,11,33,89,34554
680,Phytomonas_sp.,1,44,12,11,3,8,92,6442
681,Phytophthora_infestans,0,40,13,19,3,13,92,17609
682,Phytophthora_nicotianae,0,43,14,18,3,11,93,15887
683,Phytophthora_parasitica,0,40,14,24,3,11,0,23004
684,Phytophthora_ramorum,0,43,13,19,3,14,58,15349
685,Phytophthora_sojae,0,42,12,26,2,11,43,25721
686,Picea_glauca,0,0,0,0,0,0,76,6155
687,Pichia_kudriavzevii,0,24,13,11,2,8,69,6873
688,Pichia_membranifaciens,0,18,10,8,1,6,90,4160
689,Pichia_sorbitophila,0,34,16,14,1,11,119,8851
690,Picoides_pubescens,6,32,9,9,3,10,96,13097
691,Piloderma_croceum,5,28,21,23,2,11,77,21351
692,Piromyces_finnis,23,35,12,32,3,14,78,10764
693,Pisolithus_microcarpus,12,26,10,36,2,10,54,20734
694,Pisolithus_tinctorius,10,29,15,12,2,9,83,22400
695,Plasmodiophora_brassicae,10,31,11,10,4,12,55,9720
696,Plasmodium_berghei,3,22,10,5,4,10,54,5060
697,Plasmodium_chabaudi,2,22,21,15,11,12,29,14614
698,Plasmodium_coatneyi,3,23,10,5,4,10,56,5514
699,Plasmodium_cynomolgi,3,22,10,5,4,10,54,5713
700,Plasmodium_falciparum,2,7,7,5,4,4,54,3177
701,Plasmodium_fragile,3,23,10,5,4,11,54,5638
702,Plasmodium_gonderi,3,22,10,5,4,10,53,5915
703,Plasmodium_inui,3,23,10,5,4,9,69,5828
704,Plasmodium_knowlesi,3,23,10,5,3,10,56,5100
705,Plasmodium_malariae,3,20,11,5,5,9,55,6339
706,Plasmodium_ovale,3,25,16,9,6,10,56,8608
707,Plasmodium_vinckei,3,24,10,5,4,10,83,5152
708,Plasmodium_vivax,3,23,10,5,4,10,65,5389
709,Plasmodium_yoelii,2,23,12,5,6,8,16,7741
710,Plasmopara_halstedii,0,38,14,14,4,13,46,15449
711,Pleurotus_ostreatus,5,29,10,11,2,8,47,12186
712,Plicaturopsis_crispa,0,11,1,3,0,1,63,2709
713,Pneumocystis_jirovecii,1,19,10,7,1,8,29,3746
714,Pneumocystis_murina,1,20,10,7,1,8,60,3635
715,Pochonia_chlamydosporia,6,24,10,15,1,7,121,14142
716,Podiceps_cristatus,3,15,4,1,1,5,85,7899
717,Podospora_anserina,5,23,10,12,1,9,137,10657
718,Poecilia_formosa,11,56,13,23,5,13,325,23408
719,Polysphondylium_pallidum,13,29,18,12,3,10,23,12351
720,Pongo_abelii,8,51,25,23,15,15,86,22002
721,Populus_trichocarpa,61,139,42,36,11,36,51,40840
722,Postia_placenta,0,11,3,3,0,6,209,8983
723,Pristionchus_pacificus,18,26,11,23,4,4,58,29080
724,Protomyces_lactucaedebilis,3,22,10,7,1,8,53,6702
725,Prunus_persica,34,86,22,34,8,25,70,26846
726,Pseudocercospora_fijiensis,2,26,10,9,1,10,58,13043
727,Pseudocercospora_musae,2,27,9,8,0,7,53,10380
728,Pseudocohnilembus_persalinus,1,40,11,10,3,5,57,13175
729,Pseudogymnoascus_destructans,1,27,10,9,1,10,25,9073
730,Pseudogymnoascus_sp.,2,23,11,9,1,7,57,10229
731,Pseudogymnoascus_verrucosus,2,27,10,8,1,9,38,9578
732,Pseudoloma_neurophilia,0,3,8,4,4,6,52,3636
733,Pseudomassariella_vexata,3,27,10,9,1,7,28,12555
734,Pseudozyma_antarctica,1,17,8,4,1,7,108,4672
735,Pseudozyma_hubeiensis,1,25,10,7,1,8,65,7472
736,Pterocles_gutturalis,3,12,5,3,1,4,58,7373
737,Pteropus_alecto,8,39,21,23,9,8,78,19520
738,Puccinia_graminis,4,31,12,9,1,8,85,15688
739,Puccinia_sorghi,3,28,11,7,2,7,15,21032
740,Puccinia_striiformis,6,33,13,16,2,8,198,19368
741,Puccinia_triticina,3,34,16,19,2,11,61,14860
742,Punctularia_strigosozonata,0,8,2,4,0,1,59,2093
743,Punica_granatum,36,82,21,24,7,28,68,28948
744,Purpureocillium_lilacinum,6,23,10,12,1,9,70,11750
745,Pycnoporus_cinnabarinus,8,26,10,7,2,6,61,10180
746,Pygoscelis_adeliae,6,30,11,8,4,9,66,12848
747,Pyrenochaeta_sp.,3,30,10,15,1,11,62,14984
748,Pyrenophora_teres,2,26,11,10,1,11,83,11705
749,Pyrenophora_tritici,2,30,10,11,1,12,117,12062
750,Pyronema_omphalodes,7,24,10,12,1,8,114,13306
751,Pythium_ultimum,0,40,13,14,3,13,76,15121
752,Rachicladosporium_antarcticum,7,49,20,19,2,20,59,18525
753,Rachicladosporium_sp.,5,50,18,21,2,18,102,17983
754,Ramazzottius_varieornatus,6,32,10,13,2,13,187,19480
755,Rasamsonia_emersonii,4,24,11,8,1,11,99,9842
756,Rattus_norvegicus,8,44,16,16,5,13,65,21432
757,Reticulomyxa_filosa,2,48,29,54,41,13,67,39903
758,Rhabditophanes_sp.,11,31,11,32,4,10,72,13281
759,Rhinocladiella_mackenziei,8,23,10,12,1,11,126,11378
760,Rhizoclosmatium_globosum,12,26,10,13,2,4,105,16725
761,Rhizoctonia_solani,5,28,9,19,3,8,74,11878
762,Rhizophagus_irregularis,8,29,11,68,2,8,102,26712
763,Rhizopogon_vesiculosus,5,29,11,50,2,8,137,14134
764,Rhizopogon_vinicolor,7,29,11,18,2,7,76,14447
765,Rhizopus_delemar,3,35,17,24,5,18,59,16971
766,Rhizopus_microsporus,13,57,19,20,9,19,52,19180
767,Rhodnius_prolixus,7,29,15,11,4,10,55,15183
768,Rhodosporidium_toruloides,0,27,11,10,2,9,70,8138
769,Rhodotorula_graminis,0,25,9,7,2,9,207,7225
770,Rhodotorula_sp.,0,26,9,8,3,9,59,6678
771,Rhynchosporium_commune,3,30,10,16,1,10,58,12210
772,Ricinus_communis,40,97,19,17,7,27,41,31219
773,Rosellinia_necatrix,1,26,10,12,1,9,57,12437
774,Rozella_allomycis,5,20,12,7,3,11,36,6337
775,Saccharomyces_arboricola,1,13,8,9,0,10,57,3653
776,Saccharomyces_cerevisiae,1,19,11,14,2,10,232,6049
777,Saccharomyces_kudriavzevii,1,12,6,9,2,6,72,3745
778,Saitoella_complicata,3,26,10,8,1,9,92,7118
779,Salmo_salar,27,104,29,38,11,23,102,47719
780,Salpingoeca_rosetta,3,36,10,10,3,10,83,11614
781,Saprolegnia_diclina,0,45,14,17,3,13,55,17306
782,Saprolegnia_parasitica,0,51,13,19,3,16,49,20052
783,Sarcophilus_harrisii,8,33,17,13,4,8,57,18781
784,Sarcoptes_scabiei,4,22,10,9,3,7,64,10468
785,Scedosporium_apiospermum,0,20,10,13,1,5,59,8374
786,Scheffersomyces_stipitis,1,22,10,14,1,9,63,5797
787,Schistocephalus_solidus,7,25,10,10,5,7,64,20215
788,Schistosoma_curassoni,7,24,10,5,5,8,60,23351
789,Schistosoma_haematobium,7,30,9,6,5,6,61,11119
790,Schistosoma_mansoni,9,29,10,7,3,6,65,10725
791,Schistosoma_margrebowiei,5,25,12,6,5,7,59,26064
792,Schistosoma_mattheei,5,25,16,6,4,5,74,22960
793,Schistosoma_rodhaini,4,27,14,9,5,6,63,23857
794,Schizophyllum_commune,8,25,10,7,2,7,51,13124
795,Schizopora_paradoxa,6,30,10,8,2,18,51,17050
796,Schizosaccharomyces_cryophilus,15,22,10,8,1,7,83,5135
797,Schizosaccharomyces_japonicus,3,21,10,9,1,7,117,4852
798,Schizosaccharomyces_pombe,2,22,10,8,1,8,65,5142
799,Scleroderma_citrinum,8,28,21,14,3,9,61,20898
800,Scleropages_formosus,13,54,14,17,6,13,260,24200
801,Sclerotinia_borealis,2,29,10,13,1,10,65,10165
802,Sclerotinia_sclerotiorum,2,29,10,9,1,10,68,14445
803,Selaginella_moellendorffii,42,97,32,31,10,48,57,32882
804,Serendipita_indica,4,28,12,10,2,9,229,11780
805,Serendipita_vermifera,4,28,10,14,2,10,58,15010
806,Serpula_lacrymans,3,27,10,8,2,7,66,14339
807,Setaria_italica,36,96,29,27,9,32,68,35700
808,Setosphaeria_turcica,3,25,10,10,1,9,67,11687
809,Sistotremastrum_niveocremeum,8,27,10,10,2,9,55,13030
810,Sistotremastrum_suecicum,8,28,10,9,3,10,63,13630
811,Smittium_culicis,2,26,12,12,4,11,221,10826
812,Smittium_mucronatum,2,20,10,9,3,11,222,7962
813,Soboliphyme_baturini,10,19,13,9,4,8,44,13172
814,Solanum_lycopersicum,35,95,27,28,8,28,58,33952
815,Solanum_tuberosum,44,89,27,27,11,24,242,39133
816,Solenopsis_invicta,2,18,10,6,2,6,49,13580
817,Sordaria_macrospora,3,23,10,12,1,9,74,9890
818,Sorghum_bicolor,39,103,28,34,7,31,77,33940
819,Spathaspora_passalidarum,2,20,10,9,1,7,58,5973
820,Sphaerobolus_stellatus,10,17,6,10,3,28,183,24605
821,Sphaeroforma_arctica,2,37,10,16,3,9,33,18207
822,Sphaerulina_musiva,2,27,10,9,1,9,72,10154
823,Spinacia_oleracea,30,76,28,17,7,25,52,21533
824,Spironucleus_salmonicida,0,8,9,11,1,4,56,8098
825,Spizellomyces_punctatus,8,31,10,9,2,12,56,8940
826,Sporisorium_reilianum,1,25,10,7,1,8,27,6673
827,Sporothrix_insectorum,1,23,10,10,1,11,67,9495
828,Sporothrix_schenckii,1,25,10,11,1,8,64,8673
829,Spraguea_lophii,0,10,8,2,2,5,66,2499
830,Stachybotrys_chartarum,5,27,10,15,1,9,87,11359
831,Stachybotrys_chlorohalonata,5,26,10,13,1,9,109,10676
832,Stagonospora_sp.,3,29,10,15,1,8,59,14420
833,Stegodyphus_mimosarum,10,35,10,23,4,5,134,26987
834,Steinernema_glaseri,18,37,17,16,7,14,7,37056
835,Stemphylium_lycopersici,3,24,10,10,1,11,78,8997
836,Stentor_coeruleus,4,61,31,17,6,15,71,30967
837,Stereum_hirsutum,2,2,0,2,0,1,146,1609
838,Stomoxys_calcitrans,13,32,10,14,3,6,115,13918
839,Strigamia_maritima,3,41,8,10,3,6,93,14959
840,Strigomonas_culicis,1,50,30,35,12,18,75,9986
841,Strongylocentrotus_purpuratus,3,34,20,40,4,14,83,28594
842,Strongyloides_papillosus,27,31,11,9,5,10,89,18207
843,Strongyloides_ratti,23,25,10,7,3,7,69,9956
844,Strongyloides_stercoralis,21,33,10,9,5,5,72,12823
845,Strongyloides_venezuelensis,25,30,10,9,5,10,42,16599
846,Struthio_camelus,6,29,9,11,4,10,76,13815
847,Stylonychia_lemnae,0,42,12,8,5,5,107,20720
848,Sugiyamaella_lignohabitans,1,13,10,7,1,10,191,4518
849,Suillus_luteus,11,30,11,14,2,8,67,18271
850,Sus_scrofa,8,44,20,18,7,10,150,23200
851,Symbiodinium_microadriaticum,1,130,14,22,12,12,90,37509
852,Syphacia_muris,14,25,10,6,3,9,103,11092
853,Taenia_asiatica,5,26,10,99,5,5,8,10315
854,Taeniopygia_guttata,8,37,15,12,5,13,61,17429
855,Takifugu_rubripes,9,49,13,17,5,10,57,18563
856,Talaromyces_cellulolyticus,0,2,2,3,0,1,59,1615
857,Talaromyces_islandicus,3,26,9,10,1,12,44,9927
858,Talaromyces_marneffei,4,23,10,11,1,8,99,9366
859,Talaromyces_stipitatus,4,26,10,10,1,8,40,12468
860,Taphrina_deformans,2,18,7,7,0,10,57,4650
861,Tarsius_syrichta,9,43,16,16,4,11,73,20573
862,Tauraco_erythrolophus,5,20,5,5,3,2,73,10099
863,Termitomyces_sp.,6,24,10,8,2,7,103,11124
864,Tetrahymena_thermophila,0,39,10,15,3,6,52,26971
865,Tetranychus_urticae,10,36,12,7,2,6,53,17526
866,Tetraodon_nigroviridis,9,51,12,16,4,11,150,19572
867,Tetrapisispora_blattae,1,20,10,10,1,10,113,5385
868,Tetrapisispora_phaffii,1,17,11,13,1,10,63,5238
869,Thalassiosira_oceanica,13,86,9,19,6,17,67,34547
870,Thalassiosira_pseudonana,6,58,11,16,5,17,47,11717
871,Thanatephorus_cucumeris,4,17,16,13,4,9,53,12197
872,Thecamonas_trahens,3,30,11,11,3,9,47,10533
873,Theileria_annulata,1,20,10,6,4,6,50,3790
874,Theileria_equi,2,20,10,7,4,10,68,5313
875,Theileria_orientalis,1,20,10,5,4,7,49,3989
876,Theileria_parva,1,19,10,6,4,10,194,4071
877,Thelazia_callipaeda,12,27,10,8,3,8,12,10894
878,Thelohanellus_kitauei,16,14,10,6,1,2,56,14750
879,Theobroma_cacao,34,91,23,18,7,21,50,29150
880,Thermotoga_maritima,1,2,1,3,0,5,66,1852
881,Thielavia_terrestris,3,23,10,10,1,9,58,9760
882,Thielaviopsis_punctulata,1,21,10,8,1,9,52,5254
883,Tilletia_controversa,1,28,10,16,3,8,72,9854
884,Tilletia_walkeri,1,28,10,9,1,9,56,6806
885,Tilletiaria_anomala,2,25,10,7,1,7,56,7968
886,Tinamus_guttatus,7,29,10,11,3,12,59,13377
887,Togninia_minima,2,22,10,12,1,9,48,8833
888,Tolypocladium_ophioglossoides,3,22,10,11,1,9,51,9153
889,Torrubiella_hemipterigena,4,25,10,9,1,10,93,10771
890,Tortispora_caseinolytica,2,20,10,7,1,8,70,4656
891,Torulaspora_delbrueckii,1,19,11,9,1,10,27,4966
892,Toxocara_canis,20,33,15,12,4,9,62,18499
893,Toxoplasma_gondii,5,31,11,7,5,11,64,8404
894,Trachipleistophora_hominis,0,6,10,4,2,5,56,3212
895,Trachymyrmex_cornetzi,5,28,10,8,3,8,60,18657
896,Trachymyrmex_septentrionalis,6,29,11,6,4,8,1,15167
897,Trachymyrmex_zeteki,5,27,10,4,3,7,3,14302
898,Trametes_pubescens,7,24,10,7,2,10,82,14147
899,Trametes_versicolor,0,0,0,0,1,0,53,1021
900,Tremella_mesenterica,0,0,2,0,0,1,53,1453
901,Tribolium_castaneum,11,34,10,13,5,9,56,16564
902,Trichinella_britovi,5,23,10,6,2,7,57,15466
903,Trichinella_murrelli,4,23,11,6,3,6,56,14367
904,Trichinella_nativa,5,23,10,7,4,7,71,13202
905,Trichinella_nelsoni,5,24,11,7,3,7,52,13005
906,Trichinella_papuae,5,23,10,5,3,10,52,11419
907,Trichinella_patagoniensis,6,19,14,16,9,7,57,14635
908,Trichinella_pseudospiralis,5,23,9,6,3,6,49,10629
909,Trichinella_sp.,5,21,10,7,3,6,67,14641
910,Trichinella_spiralis,3,21,12,10,5,6,64,15524
911,Trichinella_zimbabwensis,4,18,9,6,3,9,64,14212
912,Trichobilharzia_regenti,5,26,14,10,9,3,168,22146
913,Trichoderma_gamsii,4,25,10,14,1,10,57,10943
914,Trichoderma_harzianum,4,24,10,14,1,11,55,11497
915,Trichomonas_vaginalis,3,41,19,95,7,3,53,50190
916,Trichophyton_equinum,1,25,10,10,1,10,68,8676
917,Trichophyton_interdigitale,1,24,10,10,0,10,49,7993
918,Trichophyton_rubrum,1,23,11,8,1,9,60,8616
919,Trichoplax_adhaerens,0,30,14,8,5,11,62,11513
920,Trichosporon_asahii,0,22,11,7,2,7,83,8515
921,Trichuris_muris,7,27,11,6,3,6,813,10588
922,Trichuris_suis,10,26,12,6,2,6,244,13959
923,Trichuris_trichiura,16,25,18,10,4,10,118,9625
924,Triticum_aestivum,153,290,84,113,18,155,65,102256
925,Triticum_urartu,37,75,32,40,15,45,95,33313
926,Tritrichomonas_foetus,1,40,18,52,4,3,31,24634
927,Tropilaelaps_mercedesae,6,31,10,7,4,7,87,14261
928,Trypanosoma_brucei,1,60,12,10,3,9,103,8561
929,Trypanosoma_congolense,0,9,1,11,6,4,100,5906
930,Trypanosoma_cruzi,1,52,12,9,3,10,13,11346
931,Trypanosoma_rangeli,1,51,13,18,7,13,71,7365
932,Trypanosoma_theileri,1,61,13,12,3,10,109,11235
933,Trypanosoma_vivax,0,5,1,5,2,0,152,3778
934,Tuber_melanosporum,3,24,12,18,1,13,48,7494
935,Tulasnella_calospora,6,33,12,45,2,11,60,19349
936,Tupaia_chinensis,8,56,36,26,16,10,56,20824
937,Tyto_alba,4,23,6,6,2,7,55,9263
938,Umbilicaria_pustulata,2,22,15,10,1,10,51,8266
939,Uncinocarpus_reesii,2,23,10,10,1,10,52,7760
940,Uncinula_necator,6,22,9,8,1,9,53,6482
941,Ustilaginoidea_virens,3,22,9,10,1,6,61,8421
942,Ustilago_hordei,1,25,10,7,1,8,54,7109
943,Ustilago_maydis,1,25,10,7,1,9,27,6788
944,Valsa_mali,3,27,10,11,1,9,60,10741
945,Vanderwaltozyma_polyspora,0,19,10,14,1,10,50,5314
946,Vavraia_culicis,0,7,8,4,2,6,55,2768
947,Verruconis_gallopava,3,27,9,10,1,10,125,9813
948,Verticillium_alfalfae,1,20,10,10,1,8,247,10233
949,Verticillium_dahliae,1,23,10,12,1,8,227,10530
950,Verticillium_longisporum,3,44,35,29,3,11,148,20580
951,Vigna_radiata,46,101,23,35,5,37,29,26453
952,Vitis_vinifera,52,77,25,31,17,25,102,29850
953,Vitrella_brassicaformis,7,84,13,16,5,23,52,23030
954,Vittaforma_corneae,0,8,10,6,1,4,54,2236
955,Volvox_carteri,7,43,13,12,3,24,57,14333
956,Wallemia_ichthyophaga,4,22,9,7,1,9,54,4836
957,Wallemia_mellicola,7,22,9,7,1,8,73,5260
958,Wickerhamomyces_anomalus,2,22,11,11,1,10,148,6404
959,Wickerhamomyces_ciferrii,2,21,11,10,1,9,101,6698
960,Wuchereria_bancrofti,12,26,13,10,3,9,111,19298
961,Xenopus_laevis,21,69,20,17,7,14,59,41562
962,Xenopus_tropicalis,11,45,13,14,4,14,56,24211
963,Xiphophorus_maculatus,13,52,13,15,5,13,52,20377
964,Xylona_heveae,2,26,10,9,1,11,341,8201
965,Yarrowia_lipolytica,3,21,10,11,1,10,65,6448
966,Zancudomyces_culisetae,2,19,10,8,2,11,181,7387
967,Zea_mays,41,139,48,51,19,43,12,39442
968,Zootermopsis_nevadensis,4,30,12,8,3,8,54,14526
969,Zostera_marina,8,78,32,34,11,18,63,20358
970,Zygosaccharomyces_bailii,0,1,4,4,0,3,65,863
971,Zygosaccharomyces_rouxii,6,18,10,9,1,10,44,4987
972,Zymoseptoria_brevis,3,29,10,10,1,10,51,10566
973,Zymoseptoria_tritici,4,27,11,11,1,11,65,10972
